precision,accuracy,recall,duration
0.8351937041453171,0.8265895953757225,0.825297343558213,765.9250981807709
