precision,accuracy,recall,duration
0.8068509131330964,0.9355116079105761,0.6883288989628363,2722.463583469391
