precision,accuracy,recall,duration
0.5595959595959596,0.56,0.5590236094437775,330.19254064559937
