precision,accuracy,recall,duration
0.9870738130373095,0.9871355060034306,0.9870587994095457,3754.111176252365
