precision,accuracy,recall,duration
0.3611111111111111,0.4,0.39999999999999997,1395.3514766693115
