precision,accuracy,recall,duration
0.5275132275132275,0.5951219512195122,0.5308202939781888,704.4518518447876
