precision,accuracy,recall,duration
0.782611352510418,0.94067067927773,0.7684777823375262,1989.4369027614594
