best_model_train_loss,best_model_val_loss,best_model_train_acc,best_model_val_acc,best_model_learning_rate,best_model_nb_epoch
0.013627593405544758,0.4918050169944763,0.9954819083213806,0.9312123656272888,9.999999747378752e-05,1969
