precision,accuracy,recall,duration
0.8679132193672698,0.9312123817712812,0.646993188974492,4955.264086008072
