precision,accuracy,recall,duration
0.8608408512606985,0.9475494411006019,0.7462923416809515,10064.828884124756
