precision,accuracy,recall,duration
0.7268895748027564,0.9277730008598453,0.645325623412019,5391.836961746216
