precision,accuracy,recall,duration
0.5899032606650972,0.5811764705882353,0.5770464938523161,330.4382965564728
