precision,accuracy,recall,duration
0.9858903020667726,0.9855072463768116,0.9858903020667726,147.0494863986969
