precision,accuracy,recall,duration
0.9725422427035331,0.9722222222222222,0.9722222222222223,142.11123704910278
