precision,accuracy,recall,duration
0.8010657596328372,0.944110060189166,0.7733907442693343,3555.6740097999573
