precision,accuracy,recall,duration
0.861780258519389,0.8486842105263158,0.8606104651162791,170.75245308876038
