precision,accuracy,recall,duration
0.7863778536932395,0.939810834049871,0.6426275881049948,2670.4641256332397
