best_model_train_loss,best_model_val_loss,best_model_train_acc,best_model_val_acc,best_model_learning_rate,best_model_nb_epoch
0.013000532984733582,0.4714389443397522,0.9954819083213806,0.9329320788383484,9.999999747378752e-05,1690
