precision,accuracy,recall,duration
0.7299920207789921,0.9329320722269991,0.6538813628754028,5366.93097281456
