precision,accuracy,recall,duration
0.791562405416169,0.937231298366294,0.7118984843359892,8280.004385232925
