precision,accuracy,recall,duration
0.3833333333333333,0.3333333333333333,0.3333333333333333,185.0142560005188
