precision,accuracy,recall,duration
0.7504138703991925,0.9337919174548581,0.6583016625109812,5521.627493143082
