precision,accuracy,recall,duration
0.5327206467717125,0.532633371169126,0.532633371169126,3426.546145439148
