precision,accuracy,recall,duration
0.7322477060674226,0.9320722269991402,0.6656096489861968,5418.35732460022
