best_model_train_loss,best_model_val_loss,best_model_train_acc,best_model_val_acc,best_model_learning_rate,best_model_nb_epoch
0.021028446033596992,0.36398640275001526,0.9944062232971191,0.9398108124732971,9.999999747378752e-05,1962
