precision,accuracy,recall,duration
0.7619171938204513,0.939810834049871,0.7321899870475216,9936.53988480568
