precision,accuracy,recall,duration
0.7869547986654297,0.944110060189166,0.7361904741087955,5920.506547927856
