precision,accuracy,recall,duration
0.7978804296169566,0.7918088737201365,0.7920510670021433,389.99341082572937
