precision,accuracy,recall,duration
0.7866516381678986,0.937231298366294,0.7204677391122042,2125.378385782242
