precision,accuracy,recall,duration
0.7616808888492923,0.9320722269991402,0.6399139974379193,4370.0530598163605
