precision,accuracy,recall,duration
0.9583333333333334,0.95,0.95,194.9323444366455
