precision,accuracy,recall,duration
0.2680429641741393,0.26235294117647057,0.2620828288852079,708.0414283275604
