precision,accuracy,recall,duration
0.3414969849740796,0.3231939163498099,0.3227855477855478,2761.2245445251465
