precision,accuracy,recall,duration
0.9880952380952381,0.9861111111111112,0.9861111111111112,205.55142092704773
