precision,accuracy,recall,duration
0.7819718655034962,0.937231298366294,0.7576680092727431,1905.8898346424103
