precision,accuracy,recall,duration
0.9861551763878544,0.9859919954259577,0.9860218670971724,4460.342122793198
