precision,accuracy,recall,duration
0.7724090508477535,0.9337919174548581,0.7258186645741611,1910.6921136379242
