precision,accuracy,recall,duration
0.8951735734808375,0.89375,0.89375,179.84462714195251
