precision,accuracy,recall,duration
0.19,0.1984732824427481,0.24979020979020977,2288.038199901581
