precision,accuracy,recall,duration
0.75800675801761,0.9329320722269991,0.6521956463570858,4779.2458028793335
