precision,accuracy,recall,duration
0.8036982251629757,0.937231298366294,0.7613182639416735,2539.529444217682
