precision,accuracy,recall,duration
0.8323174710662398,0.944969905417025,0.7519874249303606,2441.787999391556
