precision,accuracy,recall,duration
0.7673075565594889,0.9329320722269991,0.6853318874498664,4501.78000831604
