precision,accuracy,recall,duration
0.8015442439862543,0.9337919174548581,0.6813178850757613,2747.951648712158
