precision,accuracy,recall,duration
0.24235239634600367,0.23954372623574144,0.23927738927738929,570.4252653121948
