precision,accuracy,recall,duration
0.61,0.61,0.6100440176070427,223.107271194458
