precision,accuracy,recall,duration
0.8223185517049396,0.942390369733448,0.776196701717228,2112.82190489769
