precision,accuracy,recall,duration
0.6921683564795093,0.9243336199484092,0.6473083125184765,2849.9582924842834
