precision,accuracy,recall,duration
0.9337301587301589,0.9305555555555556,0.9305555555555557,1104.4284942150116
