precision,accuracy,recall,duration
0.2931949952429037,0.29078437220399644,0.2907993966817497,2075.795465707779
