precision,accuracy,recall,duration
0.3912377450980392,0.3783783783783784,0.41428571428571426,149.97386288642883
