precision,accuracy,recall,duration
0.7810439265154153,0.9337919174548581,0.6539556151297916,2633.3500938415527
