precision,accuracy,recall,duration
0.7713249476711204,0.9415305245055889,0.693869475957406,4361.650059461594
