best_model_train_loss,best_model_val_loss,best_model_train_acc,best_model_val_acc,best_model_learning_rate,best_model_nb_epoch
0.018008148297667503,0.37252360582351685,0.9950516223907471,0.9432502388954163,9.999999747378752e-05,1951
