precision,accuracy,recall,duration
0.8111911231884058,0.943250214961307,0.7437076656049314,6449.611139059067
