precision,accuracy,recall,duration
0.8864196691579214,0.9320722269991402,0.6302109499898818,5286.396164894104
