precision,accuracy,recall,duration
0.9562657158723941,0.9552086868001357,0.9545543192615805,4793.818659543991
