precision,accuracy,recall,duration
0.9666666666666667,0.9666666666666667,0.9666666666666667,210.0746133327484
