precision,accuracy,recall,duration
0.45520159283225486,0.45555555555555555,0.45555555555555555,334.60345554351807
