precision,accuracy,recall,duration
0.5316506852516556,0.8873602751504729,0.4768450633316267,2950.415592432022
