best_model_train_loss,best_model_val_loss,best_model_train_acc,best_model_val_acc,best_model_learning_rate,best_model_nb_epoch
0.016611799597740173,0.3725409209728241,0.9954819083213806,0.9432502388954163,9.999999747378752e-05,1896
