precision,accuracy,recall,duration
0.7995435495435496,0.943250214961307,0.7720477465765913,2722.5426890850067
