precision,accuracy,recall,duration
0.7813436795228135,0.939810834049871,0.7792193413233968,1927.0268893241882
