best_model_train_loss,best_model_val_loss,best_model_train_acc,best_model_val_acc,best_model_learning_rate,best_model_nb_epoch
0.016525406390428543,0.4009360671043396,0.9950516223907471,0.9389510154724121,9.999999747378752e-05,1967
