precision,accuracy,recall,duration
0.7655994804773115,0.938950988822012,0.6551987324749471,2137.683641433716
