precision,accuracy,recall,duration
0.9591246581086746,0.9644180874722016,0.9589250550457081,3165.232537508011
