precision,accuracy,recall,duration
0.8189888446229027,0.8111111111111111,0.811111111111111,464.1210045814514
