precision,accuracy,recall,duration
0.7756417369320594,0.94067067927773,0.7311304466300879,2081.74338388443
