precision,accuracy,recall,duration
0.988923076923077,0.9866666666666667,0.9866666666666666,236.71307802200317
