precision,accuracy,recall,duration
0.7136203993727963,0.939810834049871,0.6428026678717517,5149.81995511055
