best_model_train_loss,best_model_val_loss,best_model_train_acc,best_model_val_acc,best_model_learning_rate,best_model_nb_epoch
0.018645836040377617,0.35376039147377014,0.9950516223907471,0.9372313022613525,9.999999747378752e-05,1897
