precision,accuracy,recall,duration
0.75487928197457,0.937231298366294,0.7812641699038755,6595.856560707092
