precision,accuracy,recall,duration
0.5725041222227703,0.5231143552311436,0.32225418797702765,1651.57035779953
