precision,accuracy,recall,duration
0.6053914179479449,0.5972696245733788,0.5977308731711863,1595.9175961017609
