best_model_train_loss,best_model_val_loss,best_model_train_acc,best_model_val_acc,best_model_learning_rate,best_model_nb_epoch
0.016202300786972046,0.3764687180519104,0.9950516223907471,0.9423903822898865,9.999999747378752e-05,1918
