precision,accuracy,recall,duration
0.8235123240645382,0.942390369733448,0.706298190423472,1899.5673956871033
