precision,accuracy,recall,duration
0.5346153846153846,0.44878048780487806,0.5373399715504978,243.3678801059723
