precision,accuracy,recall,duration
0.8197086987370511,0.9466895958727429,0.7347064854740442,2574.9461987018585
