precision,accuracy,recall,duration
0.9576709062003179,0.9565217391304348,0.9576709062003179,382.9411919116974
