precision,accuracy,recall,duration
0.7573443275312435,0.939810834049871,0.7048277171015519,2668.0352602005005
