precision,accuracy,recall,duration
0.26433076644515185,0.2597673725022368,0.2597741064225333,5746.730602502823
