precision,accuracy,recall,duration
0.7513531825061008,0.9346517626827171,0.6523231219862629,2628.477236509323
