precision,accuracy,recall,duration
0.4858836815358555,0.49,0.49,965.1048138141632
