precision,accuracy,recall,duration
0.5715503418660555,0.6184103811841039,0.432934323429432,3658.41552734375
