precision,accuracy,recall,duration
0.8044318063121425,0.937231298366294,0.6932614508123669,5395.796505212784
