precision,accuracy,recall,duration
0.9123931623931624,0.9013157894736842,0.9092815614617941,208.90692138671875
