precision,accuracy,recall,duration
0.886770977110651,0.8629629629629629,0.862962962962963,315.97487235069275
