precision,accuracy,recall,duration
0.5,0.4666666666666667,0.4666666666666666,209.8852481842041
