precision,accuracy,recall,duration
0.7929180886449212,0.94067067927773,0.7672090368991719,2371.9460384845734
