precision,accuracy,recall,duration
0.7751521298174442,0.9415305245055889,0.7449749720814074,2258.5444989204407
