precision,accuracy,recall,duration
0.8061346198001391,0.80625,0.80625,529.8371868133545
