precision,accuracy,recall,duration
0.7985804147990034,0.9346517626827171,0.6958460904589723,3545.577052593231
