precision,accuracy,recall,duration
0.33968253968253964,0.3333333333333333,0.3333333333333333,557.927586555481
