precision,accuracy,recall,duration
0.4814854131554555,0.8372093023255814,0.32336139919978013,4828.919614076614
