precision,accuracy,recall,duration
0.4540441176470588,0.46,0.46,4194.605449676514
