precision,accuracy,recall,duration
0.7898861336649355,0.7687861271676301,0.7748762992241253,409.21087527275085
