precision,accuracy,recall,duration
0.7158347677691429,0.9183147033533964,0.6604257979271299,2821.680927991867
