precision,accuracy,recall,duration
0.5826213525588284,0.5825766174801362,0.5825766174801361,8120.6953547000885
