precision,accuracy,recall,duration
0.5218406285072952,0.45038167938931295,0.33260497956150126,16050.061327457428
