precision,accuracy,recall,duration
0.7785031494722505,0.9363714531384351,0.6482605318803826,4768.914172172546
