precision,accuracy,recall,duration
0.7869404059874023,0.9346517626827171,0.6371612633648138,2732.765296459198
