precision,accuracy,recall,duration
0.7159824806074362,0.9269131556319863,0.6366821163814153,5122.24200630188
