precision,accuracy,recall,duration
0.76877035384827,0.937231298366294,0.6596993225403905,5166.038335323334
