precision,accuracy,recall,duration
0.7765027559298942,0.937231298366294,0.7026614510673728,2637.664151906967
