precision,accuracy,recall,duration
0.5013528138528138,0.4594594594594595,0.4845238095238095,428.7717053890228
