best_model_train_loss,best_model_val_loss,best_model_train_acc,best_model_val_acc,best_model_learning_rate,best_model_nb_epoch
0.017915921285748482,0.3594323992729187,0.9944062232971191,0.9432502388954163,9.999999747378752e-05,1978
