precision,accuracy,recall,duration
0.775581326706122,0.943250214961307,0.6963994896967598,10024.874645709991
