precision,accuracy,recall,duration
0.7939033576498246,0.937231298366294,0.6553532751592012,5295.898917198181
