precision,accuracy,recall,duration
0.7611512004393644,0.9355116079105761,0.6619654689221575,5522.368413448334
