precision,accuracy,recall,duration
0.796822114816407,0.9346517626827171,0.6528839619319904,4962.241069555283
