precision,accuracy,recall,duration
0.5178311979923391,0.5166666666666667,0.5166666666666667,1455.2043149471283
